Symbol,Name,Filings,Sector,Sub-Sector,HQ,Date first added,CIK,Founded,Price,52 Week High,52 Week Low
MMM,3M,reports,Industrials,Industrial Conglomerates,"Saint Paul, Minnesota",1976-08-09,66740,1902,181.49,204.49,153.53
ABT,Abbott Laboratories,reports,Health Care,Health Care Equipment,"North Chicago, Illinois",1964-03-31,1800,1888,126.79,129.06,99.44
ABBV,AbbVie,reports,Health Care,Pharmaceuticals,"North Chicago, Illinois",2012-12-31,1551152,2013 (1888),107.73,120.78,77.74
ABMD,Abiomed,reports,Health Care,Health Care Equipment,"Danvers, Massachusetts",2018-05-31,815094,1981,355,376.2,251.88
ACN,Accenture,reports,Information Technology,IT Consulting & Other Services,"Dublin, Ireland",2011-07-06,1467373,1989,335.4,344.43,211.6
ATVI,Activision Blizzard,reports,Communication Services,Interactive Home Entertainment,"Santa Monica, California",2015-08-31,718877,2008,79.56,103.31,74.76
ADBE,Adobe,reports,Information Technology,Application Software,"San Jose, California",1997-05-05,796343,1982,654.48,666.59,421.2
AMD,Advanced Micro Devices,reports,Information Technology,Semiconductors,"Santa Clara, California",,2488,1969,103.88,118.77,73.09
AAP,Advance Auto Parts,reports,Consumer Discretionary,Automotive Retail,"Raleigh, North Carolina",2015-07-09,1158449,1932,205.8,214.36,142.48
AES,AES Corp,reports,Utilities,Independent Power Producers & Energy Traders,"Arlington, Virginia",1998-10-02,874761,1981,24.6,28.58,17.31
AFL,Aflac,reports,Financials,Life & Health Insurance,"Columbus, Georgia",1999-05-28,4977,1955,53.99,57.19,33.11
A,Agilent Technologies,reports,Health Care,Health Care Equipment,"Santa Clara, California",2000-06-05,1090872,1999,173.94,179.28,95.74
APD,Air Products & Chemicals,reports,Materials,Industrial Gases,"Allentown, Pennsylvania",1985-04-30,2969,1940,261.83,307.86,250.5
AKAM,Akamai Technologies,reports,Information Technology,Internet Services & Infrastructure,"Cambridge, Massachusetts",2007-07-12,1086222,1998,109.49,120.44,93.41
ALK,Alaska Air Group,reports,Industrials,Airlines,"Seattle, Washington",2016-05-13,766421,1985,56.92,73.74,35.7
ALB,Albemarle Corporation,reports,Materials,Specialty Chemicals,"Charlotte, North Carolina",2016-07-01,915913,1994,226.85,243.62,79.69
ARE,Alexandria Real Estate Equities,reports,Real Estate,Office REITs,"Pasadena, California",2017-03-20,1035443,1994,193.87,209.07,148.69
ALGN,Align Technology,reports,Health Care,Health Care Supplies,"San Jose, California",2017-06-19,1097149,1997,719.38,729.92,308.32
ALLE,Allegion,reports,Industrials,Building Products,"New York City, New York",2013-12-02,1579241,1908,138.44,147.75,94.31
LNT,Alliant Energy,reports,Utilities,Electric Utilities,"Madison, Wisconsin",2016-07-01,352541,1917,57.83,62.18,45.51
ALL,Allstate Corp,reports,Financials,Property & Casualty Insurance,"Northfield Township, Illinois",1995-07-13,899051,1931,131.03,137.63,85.88
GOOGL,Alphabet (Class A),reports,Communication Services,Interactive Media & Services,"Mountain View, California",2014-04-03,1652044,1998,2816,2904.31,1409.39
GOOG,Alphabet (Class C),reports,Communication Services,Interactive Media & Services,"Mountain View, California",2006-04-03,1652044,1998,2829.27,2916.84,1415.21
MO,Altria Group,reports,Consumer Staples,Tobacco,"Richmond, Virginia",1957-03-04,764180,1985,48.61,50.67,33.54
AMZN,Amazon,reports,Consumer Discretionary,Internet & Direct Marketing Retail,"Seattle, Washington",2005-11-18,1018724,1994,3462.52,3731.41,2951.95
AMCR,Amcor,reports,Materials,Paper Packaging,"Zurich, Switzerland",2019-06-07,1748790,2019 (1860),11.85,12.73,9.92
AEE,Ameren Corp,reports,Utilities,Multi-Utilities,"St. Louis, Missouri",1991-09-19,1002910,1902,83.6,89.42,68.87
AAL,American Airlines Group,reports,Industrials,Airlines,"Fort Worth, Texas",2015-03-23,6201,1934,19.73,25.82,10.95
AEP,American Electric Power,reports,Utilities,Electric Utilities,"Columbus, Ohio",1957-03-04,4904,1906,84.1,91.08,73.61
AXP,American Express,reports,Financials,Consumer Finance,"New York City, New York",1976-06-30,4962,1850,163.92,173.6,90.24
AIG,American International Group,reports,Financials,Property & Casualty Insurance,"New York City, New York",1980-03-31,5272,1919,53.81,54.91,25.73
AMT,American Tower,reports,Real Estate,Specialized REITs,"Boston, Massachusetts",2007-11-19,1053507,1995,293.75,303.62,196.69
AWK,American Water Works,reports,Utilities,Water Utilities,"Camden, New Jersey",2016-03-04,1410636,1886,178.04,188.75,131.16
AMP,Ameriprise Financial,reports,Financials,Asset Management & Custody Banks,"Minneapolis, Minnesota",2005-10-03,820027,1894,269.55,276.42,141.82
ABC,AmerisourceBergen,reports,Health Care,Health Care Distributors,"Chesterbrook, Pennsylvania",2001-08-30,1140859,1985,123.47,125.8,92.68
AME,Ametek,reports,Industrials,Electrical Components & Equipment,"Berwyn, Pennsylvania",2013-09-23,1037868,1930,130.14,138.84,94.73
AMGN,Amgen,reports,Health Care,Biotechnology,"Thousand Oaks, California",1992-01-02,318154,1980,219.38,255.36,210.22
APH,Amphenol Corp,reports,Information Technology,Electronic Components,"Wallingford, Connecticut",2008-09-30,820313,1932,75.72,77.04,51.3
ADI,Analog Devices,reports,Information Technology,Semiconductors,"Wilmington, Massachusetts",1999-10-12,6281,1965,171.52,174.08,110.59
ANSS,Ansys,reports,Information Technology,Application Software,"Canonsburg, Pennsylvania",2017-06-19,1013462,1969,364.63,403.6,293.55
ANTM,Anthem,reports,Health Care,Managed Health Care,"Indianapolis, Indiana",2002-07-25,1156039,2014 (1946),379.52,399.52,242.75
AON,Aon,reports,Financials,Insurance Brokers,"London, UK",1996-04-23,315293,1982 (1919),289.23,293.66,178.83
AOS,A. O. Smith,reports,Industrials,Building Products,"Milwaukee, Wisconsin",2017-07-26,91142,1916,65.28,73.71,50.56
APA,APA Corporation,reports,Energy,Oil & Gas Exploration & Production,"Houston, Texas",1997-07-28,6769,1954,20.14,23.49,7.76
AAPL,Apple,reports,Information Technology,"Technology Hardware, Storage & Peripherals","Cupertino, California",1982-11-30,320193,1977,146.06,156.69,106.44
AMAT,Applied Materials,reports,Information Technology,Semiconductor Equipment,"Santa Clara, California",1995-03-16,6951,1967,140.8,144.09,56.77
APTV,Aptiv,reports,Consumer Discretionary,Auto Parts & Equipment,"Dublin, Ireland",2012-12-24,1521332,1994,146.43,169.76,83.95
ADM,ADM,reports,Consumer Staples,Agricultural Products,"Chicago, Illinois",1981-07-29,7084,1902,62.39,68.36,44.02
ANET,Arista Networks,reports,Information Technology,Communications Equipment,"Santa Clara, California",2018-08-28,1596532,2004,359.13,382.12,195.1
AJG,Arthur J. Gallagher & Co.,reports,Financials,Insurance Brokers,"Rolling Meadows, Illinois",2016-05-31,354190,1927,148.39,150.19,100.89
AIZ,Assurant,reports,Financials,Multi-line Insurance,"New York City, New York",2007-04-10,1267238,1892,161.44,171.13,115.68
T,AT&T,reports,Communication Services,Integrated Telecommunication Services,"Dallas, Texas",1983-11-30 (1957-03-04),732717,1983 (1885),27.53,32.04,25.14
ATO,Atmos Energy,reports,Utilities,Gas Utilities,"Dallas, Texas",2019-02-15,731802,1906,89.09,103.27,83.54
ADSK,Autodesk,reports,Information Technology,Application Software,"San Rafael, California",1989-12-01,769397,1982,288.15,342.27,220.96
ADP,Automatic Data Processing,reports,Information Technology,Data Processing & Outsourced Services,"Roseland, New Jersey",1981-03-31,8670,1949,198.67,215.74,126.2
AZO,AutoZone,reports,Consumer Discretionary,Specialty Stores,"Memphis, Tennessee",1997-01-02,866787,1979,1592.88,1660.11,1095.99
AVB,AvalonBay Communities,reports,Real Estate,Residential REITs,"Arlington, Virginia[3]",2007-01-10,915912,1978,219.89,233.02,129.28
AVY,Avery Dennison,reports,Materials,Paper Packaging,"Glendale, California",1987-12-31,8818,1990,214.68,227.37,115.76
BKR,Baker Hughes,reports,Energy,Oil & Gas Equipment & Services,"Houston, Texas",2017-07-07,1701605,2017,23.94,26.05,12.21
BLL,Ball Corp,reports,Materials,Metal & Glass Containers,"Broomfield, Colorado",1984-10-31,9389,1880,92.36,97.79,78.86
BAC,Bank of America,reports,Financials,Diversified Banks,"Charlotte, North Carolina",1976-06-30,70858,1998 (1923 / 1874),40.5,43.05,22.79
BBWI,"Bath & Body Works, Inc.",reports,Consumer Discretionary,Specialty Stores,"Columbus, Ohio",1983-09-30,701985,1963,66.34,69.03,23.7
BAX,Baxter International,reports,Health Care,Health Care Equipment,"Deerfield, Illinois",1972-09-30,10456,1931,83.61,87.39,73.5
BDX,Becton Dickinson,reports,Health Care,Health Care Equipment,"Franklin Lakes, New Jersey",1972-09-30,10795,1897,261.95,262.88,218.19
BBY,Best Buy,reports,Consumer Discretionary,Computer & Electronics Retail,"Richfield, Minnesota",1999-06-29,764478,1966,109.62,124.23,96.42
BIO,Bio-Rad Laboratories,reports,Health Care,Life Sciences Tools & Services,"Hercules, California",2020-06-22,12208,1952,788.35,825.77,494.17
TECH,Bio-Techne,reports,Health Care,Life Sciences Tools & Services,"Minneapolis, Minnesota",2021-08-30,842023,1976,534.35,534.35,231.44
BIIB,Biogen,reports,Health Care,Biotechnology,"Cambridge, Massachusetts",2003-11-13,875045,1978,300.19,414.71,236.26
BLK,BlackRock,reports,Financials,Asset Management & Custody Banks,"New York City, New York",2011-04-04,1364742,1988,876.63,950.79,524.46
BK,BNY Mellon,reports,Financials,Asset Management & Custody Banks,"New York City, New York",1995-03-31,1390777,1784,51.15,56.41,32.18
BA,Boeing,reports,Industrials,Aerospace & Defense,"Chicago, Illinois",1957-03-04,12927,1916,213.36,269.19,144.39
BKNG,Booking Holdings,reports,Consumer Discretionary,Internet & Direct Marketing Retail,"Norwalk, Connecticut",2009-11-06,1075531,1996,2325.37,2505.1,1604.13
BWA,BorgWarner,reports,Consumer Discretionary,Auto Parts & Equipment,"Auburn Hills, Michigan",2011-12-19,908255,1880,42.92,54.23,34.45
BXP,Boston Properties,reports,Real Estate,Office REITs,"Boston, Massachusetts",2006-04-03,1037540,1970,109.99,122.99,69.15
BSX,Boston Scientific,reports,Health Care,Health Care Equipment,"Marlborough, Massachusetts[4]",1995-02-24,885725,1979,44.37,45.88,33.15
BMY,Bristol Myers Squibb,reports,Health Care,Health Care Distributors,"New York City, New York",1957-03-04,14272,1989,61.31,69.31,56.03
AVGO,Broadcom,reports,Information Technology,Semiconductors,"San Jose, California",2014-05-08,1730168,1961,506,509.74,338.95
BR,Broadridge Financial Solutions,reports,Information Technology,Data Processing & Outsourced Services,"Lake Success, New York",2018-06-18,1383312,1962,166.56,176.32,125.92
CHRW,C. H. Robinson,reports,Industrials,Air Freight & Logistics,"Eden Prairie, Minnesota",2007-03-02,1043277,1905,87.44,103.84,84.15
COG,Cabot Oil & Gas,reports,Energy,Oil & Gas Exploration & Production,"Houston, Texas",2008-06-23,858470,1989,19.41,19.98,14.42
CDNS,Cadence Design Systems,reports,Information Technology,Application Software,"San Jose, California",2017-09-18,813672,1988,163.63,167.61,99.72
CZR,Caesars Entertainment,reports,Consumer Discretionary,Casinos & Gaming,"Reno, Nevada",2021-03-22,1590895,1973,106.07,111.7,44.82
CPB,Campbell Soup,reports,Consumer Staples,Packaged Foods & Meats,"Camden, New Jersey",1957-03-04,16732,1869,43.19,51.9,40.43
COF,Capital One Financial,reports,Financials,Consumer Finance,"Tysons Corner, Virginia",1998-07-01,927628,1994,159.57,177.73,67.11
CAH,Cardinal Health,reports,Health Care,Health Care Distributors,"Dublin, Ohio",1997-05-27,721371,1971,52.57,61.49,43.65
KMX,CarMax,reports,Consumer Discretionary,Specialty Stores,"Richmond, Virginia",2010-06-28,1170010,1993,140.29,140.29,86.44
CCL,Carnival Corporation,reports,Consumer Discretionary,"Hotels, Resorts & Cruise Lines","Miami, Florida",1998-12-22,815097,1972,23.55,31.31,12.3
CARR,Carrier Global,reports,Industrials,Building Products,"Palm Beach Gardens, Florida",2020-04-03,1783180,2020 (1915),55,58.32,28.8
CTLT,Catalent,reports,Health Care,Pharmaceuticals,"Somerset, New Jersey",2020-09-21,1596783,2007,136.15,142.35,80.79
CAT,Caterpillar,reports,Industrials,Construction Machinery & Heavy Trucks,"Deerfield, Illinois",1957-03-04,18230,1925,199.75,243.48,141.34
CBOE,Cboe Global Markets,reports,Financials,Financial Exchanges & Data,"Chicago, Illinois",2017-03-01,1374310,1973,123.61,129.76,78.47
CBRE,CBRE,reports,Real Estate,Real Estate Services,"Dallas, Texas",2006-11-10,1138118,1906,95.78,98.56,43.92
CDW,CDW,reports,Information Technology,Technology Distributors,"Lincolnshire, Illinois",2019-09-23,1402057,1984,191.14,203.26,107.73
CE,Celanese,reports,Materials,Specialty Chemicals,"Irving, Texas",2018-12-24,1306830,1918,148.91,168.26,103.42
CNC,Centene Corporation,reports,Health Care,Managed Health Care,"St. Louis, Missouri",2016-03-30,1071739,1984,64.64,74.7,54.3
CNP,CenterPoint Energy,reports,Utilities,Multi-Utilities,"Houston, Texas",1985-07-31,1130310,1882,24.43,26.74,18.38
CERN,Cerner,reports,Health Care,Health Care Technology,"North Kansas City, Missouri",2010-04-30,804753,1979,75.04,82.82,66.9
CF,CF Industries,reports,Materials,Fertilizers & Agricultural Chemicals,"Deerfield, Illinois",2008-08-27,1324404,1946,49.1,55.22,24.98
CRL,Charles River Laboratories,reports,Health Care,Life Sciences Tools & Services,"Wilmington, Massachusetts",2021-05-14,1100682,1947,440.45,449.55,211.83
SCHW,Charles Schwab Corporation,reports,Financials,Investment Banking & Brokerage,"Westlake, Texas",1997-06-02,316709,1971,70.43,75.84,33.94
CHTR,Charter Communications,reports,Communication Services,Cable & Satellite,"Stamford, Connecticut",2016-09-08,1091667,1993,763.48,821.01,572.58
CVX,Chevron Corporation,reports,Energy,Integrated Oil & Gas,"San Ramon, California",1957-03-04,93410,1879,96.76,108.83,63.35
CMG,Chipotle Mexican Grill,reports,Consumer Discretionary,Restaurants,"Newport Beach, California",2011-04-28,1058090,1993,1909.02,1924.5,1188.54
CB,Chubb,reports,Financials,Property & Casualty Insurance,"Zurich, Switzerland",2010-07-15,896159,1985,180.55,185.86,111.73
CHD,Church & Dwight,reports,Consumer Staples,Household Products,"Ewing, New Jersey",2015-12-29,313927,1847,83.59,94.07,77.46
CI,Cigna,reports,Health Care,Managed Health Care,"Bloomfield, Connecticut",1976-06-30,1739940,1982,205.62,264.63,158.45
CINF,Cincinnati Financial,reports,Financials,Property & Casualty Insurance,"Fairfield, Ohio",1997-12-18,20286,1950,116.45,124.19,69.07
CTAS,Cintas Corporation,reports,Industrials,Diversified Support Services,"Mason, Ohio",2001-03-01,723254,1929,392.86,406.53,309.18
CSCO,Cisco Systems,reports,Information Technology,Communications Equipment,"San Jose, California",1993-12-01,858877,1984,56.85,59.53,34.91
C,Citigroup,reports,Financials,Diversified Banks,"New York City, New York",1988-05-31,831001,1998,69.96,79.27,39.71
CFG,Citizens Financial Group,reports,Financials,Regional Banks,"Providence, Rhode Island",2016-01-29,759944,1828,43.68,50.28,22.85
CTXS,Citrix Systems,reports,Information Technology,Application Software,"Fort Lauderdale, Florida",1999-12-01,877890,1989,111.57,143.5,98.66
CLX,Clorox,reports,Consumer Staples,Household Products,"Oakland, California",1969-03-31,21076,1913,166.09,219.5,162.58
CME,CME Group,reports,Financials,Financial Exchanges & Data,"Chicago, Illinois",2006-08-11,1156375,1848,188.65,217.83,144.9
CMS,CMS Energy,reports,Utilities,Multi-Utilities,"Jackson, Michigan",1999-05-03,811156,1886,61.66,65.69,53.15
KO,Coca-Cola Company,reports,Consumer Staples,Soft Drinks,"Atlanta, Georgia",1957-03-04,21344,1886,54.44,57.05,46.49
CTSH,Cognizant Technology Solutions,reports,Information Technology,IT Consulting & Other Services,"Teaneck, New Jersey",2006-11-17,1058290,1994,75.48,81.67,66.07
CL,Colgate-Palmolive,reports,Consumer Staples,Household Products,"New York City, New York",1957-03-04,21665,1806,76.23,84.84,73.5
CMCSA,Comcast,reports,Communication Services,Cable & Satellite,"Philadelphia, Pennsylvania",2002-11-19,1166691,1963,57.11,61.75,40.85
CMA,Comerica,reports,Financials,Diversified Banks,"Dallas, Texas",1995-12-01,28412,1849,74.07,78.19,34.97
CAG,Conagra Brands,reports,Consumer Staples,Packaged Foods & Meats,"Chicago, Illinois",1983-08-31,23217,1919,33.47,38.56,32.11
COP,ConocoPhillips,reports,Energy,Oil & Gas Exploration & Production,"Houston, Texas",1957-03-04,1163165,2002,58.92,62.4,27.93
ED,Consolidated Edison,reports,Utilities,Electric Utilities,"New York City, New York",,1047862,1823,73.07,79.79,64.36
STZ,Constellation Brands,reports,Consumer Staples,Distillers & Vintners,"Victor, New York",2005-07-01,16918,1945,214.85,242.18,162.7
COO,The Cooper Companies,reports,Health Care,Health Care Supplies,"San Ramon, California",2016-09-23,711404,1958,436.6,455.92,319
CPRT,Copart,reports,Industrials,Diversified Support Services,"Dallas, Texas",2018-07-02,900075,1982,143.95,152.27,102.01
GLW,Corning,reports,Information Technology,Electronic Components,"Corning, New York",,24741,1851,38.39,45.73,29.87
CTVA,Corteva,reports,Materials,Fertilizers & Agricultural Chemicals,"Wilmington, Delaware",2019-06-03,1755672,2019,41.87,49.49,27.12
COST,Costco,reports,Consumer Staples,Hypermarkets & Super Centers,"Issaquah, Washington",1993-10-01,909832,1976,459.51,465.94,310.17
CCI,Crown Castle,reports,Real Estate,Specialized REITs,"Houston, Texas",2012-03-14,1051470,1994,188.54,201.86,143.54
CSX,CSX,reports,Industrials,Railroads,"Jacksonville, Florida",1967-09-30,277948,1980,30.31,34.2,25.02
CMI,Cummins,reports,Industrials,Industrial Machinery,"Columbus, Indiana",1965-03-31,26172,1919,227.69,272.85,198.42
CVS,CVS Health,reports,Health Care,Health Care Services,"Woonsocket, Rhode Island",1957-03-04,64803,1996,85.51,89.27,54.86
DHI,D. R. Horton,reports,Consumer Discretionary,Homebuilding,"Arlington, Texas",2005-06-22,882184,1978,90.8,104.23,64.34
DHR,Danaher Corporation,reports,Health Care,Health Care Equipment,"Washington, D.C.",,313616,1969,324.53,332.43,202.97
DRI,Darden Restaurants,reports,Consumer Discretionary,Restaurants,"Orlando, Florida",,940944,1938,149.43,153.08,86.08
DVA,DaVita,reports,Health Care,Health Care Facilities,"Denver, Colorado",2008-07-31,927066,1979,121.55,133.78,81.56
DE,Deere & Co.,reports,Industrials,Agricultural & Farm Machinery,"Moline, Illinois",1957-03-04,315189,1837,349.09,393.21,211.8
DAL,Delta Air Lines,reports,Industrials,Airlines,"Atlanta, Georgia",2013-09-11,27904,1929,40.11,51.65,29.01
XRAY,Dentsply Sirona,reports,Health Care,Health Care Supplies,"Charlotte, North Carolina",2008-11-14,818479,2016 (1969),61.23,69,42.4
DVN,Devon Energy,reports,Energy,Oil & Gas Exploration & Production,"Oklahoma City, Oklahoma",2000-08-30,1090012,1971,29.79,30.75,7.72
DXCM,DexCom,reports,Health Care,Health Care Equipment,"San Diego, California",2020-05-12,1093557,1999,563.14,565.13,312
FANG,Diamondback Energy,reports,Energy,Oil & Gas Exploration & Production,"Midland, Texas",2018-12-03,1539838,2007,82.62,99.03,23.92
DLR,Digital Realty Trust,reports,Real Estate,Specialized REITs,"Austin, Texas",2016-05-18,1297996,2004,156.8,166.74,122.76
DFS,Discover Financial Services,reports,Financials,Consumer Finance,"Riverwoods, Illinois",2007-07-02,1393612,1985,123.64,134.86,52.19
DISCA,Discovery (Series A),reports,Communication Services,Broadcasting,"New York City, New York",2010-03-01,1437107,1985,26.88,77.27,19.27
DISCK,Discovery (Series C),reports,Communication Services,Broadcasting,"New York City, New York",2014-08-07,1437107,1985,25.98,66,17.44
DISH,Dish Network,reports,Communication Services,Cable & Satellite,"Meridian, Colorado",2017-03-13,1001082,1980,42.48,46.53,24.81
DG,Dollar General,reports,Consumer Discretionary,General Merchandise Stores,"Goodlettsville, Tennessee",2012-12-03,29534,1939,222.11,238.22,177.43
DLTR,Dollar Tree,reports,Consumer Discretionary,General Merchandise Stores,"Chesapeake, Virginia",2011-12-19,935703,1986,89.31,119.26,85.97
D,Dominion Energy,reports,Utilities,Electric Utilities,"Richmond, Virginia",,715957,1983,74.12,83.25,66.61
DPZ,Domino's Pizza,reports,Consumer Discretionary,Restaurants,"Ann Arbor, Michigan",2020-05-12,1286681,1960,503.54,539.48,328.09
DOV,Dover Corporation,reports,Industrials,Industrial Machinery,"Downers Grove, Illinois",1985-10-31,29905,1955,162.64,175.99,105.45
DOW,Dow,reports,Materials,Commodity Chemicals,"Midland, Michigan",2019-04-01,1751788,2019,57.75,69.85,43.22
DTE,DTE Energy,reports,Utilities,Multi-Utilities,"Detroit, Michigan",1957-03-04,936340,1995,114,121.27,91.68
DUK,Duke Energy,reports,Utilities,Electric Utilities,"Charlotte, North Carolina",1976-06-30,1326160,1904,99.67,107.81,78.16
DRE,Duke Realty Corp,reports,Real Estate,Industrial REITs,"Indianapolis, Indiana",2017-07-26,783280,1972,49.43,53.65,34.84
DD,DuPont,reports,Materials,Specialty Chemicals,"Wilmington, Delaware",2019-04-02,1666700,2017,68.91,85.33,53.41
DXC,DXC Technology,reports,Information Technology,IT Consulting & Other Services,"Tysons Corner, Virginia",2017-04-04,1688568,2017,35.96,43.42,16.18
EMN,Eastman Chemical,reports,Materials,Diversified Chemicals,"Kingsport, Tennessee",1994-01-01,915389,1920,103.09,128.5,74.47
ETN,Eaton Corporation,reports,Industrials,Electrical Components & Equipment,"Dublin, Ireland",,1551182,1911,157.53,170.21,95.24
EBAY,eBay,reports,Consumer Discretionary,Internet & Direct Marketing Retail,"San Jose, California",2002-07-22,1065088,1995,74.11,77.37,46
ECL,Ecolab,reports,Materials,Specialty Chemicals,"Saint Paul, Minnesota",1989-01-31,31462,1923,218.34,229.11,181.99
EIX,Edison International,reports,Utilities,Electric Utilities,"Rosemead, California",1957-03-04,827052,1886,57.75,63.45,47.1
EW,Edwards Lifesciences,reports,Health Care,Health Care Equipment,"Irvine, California",2011-04-01,1099800,1958,119.42,122.75,71.69
EA,Electronic Arts,reports,Communication Services,Interactive Home Entertainment,"Redwood City, California",2002-07-22,712515,1982,133.88,148.43,116.26
EMR,Emerson Electric Company,reports,Industrials,Electrical Components & Equipment,"Ferguson, Missouri",1965-03-31,32604,1890,96.46,105.7,62.44
ENPH,Enphase Energy,reports,Information Technology,Electronic Components,"Fremont, California",2021-01-07,1463101,2006,160.89,213.76,69.41
ETR,Entergy,reports,Utilities,Electric Utilities,"New Orleans, Louisiana",1957-03-04,65984,1913,111.04,114.83,85.3
EOG,EOG Resources,reports,Energy,Oil & Gas Exploration & Production,"Houston, Texas",2000-11-02,821189,1999,74.25,86.1,31.56
EFX,Equifax,reports,Industrials,Research & Consulting Services,"Atlanta, Georgia",1997-06-19,33185,1899,268.49,278.28,135.58
EQIX,Equinix,reports,Real Estate,Specialized REITs,"Redwood City, California",2015-03-20,1101239,1998,872.58,882.83,590.47
EQR,Equity Residential,reports,Real Estate,Residential REITs,"Chicago, Illinois",2001-12-03,906107,1969,80.26,85.98,45.04
ESS,Essex Property Trust,reports,Real Estate,Residential REITs,"San Mateo, California",2014-04-02,920522,1971,322.53,337,182.06
EL,Estée Lauder Companies,reports,Consumer Staples,Personal Products,"New York City, New York",2006-01-05,1001250,1946,319.88,344.31,206.13
ETSY,Etsy,reports,Consumer Discretionary,Internet & Direct Marketing Retail,"Brooklyn, New York",2020-09-21,1370637,2005,226.98,244.58,113.68
EVRG,Evergy,reports,Utilities,Electric Utilities,"Kansas City, Missouri",2018-06-05,1711269,1909,64.2,69.26,47.39
ES,Eversource Energy,reports,Utilities,Multi-Utilities,"Hartford, Connecticut",,72741,1966,83.3,91.98,75.84
RE,Everest Re,reports,Financials,Reinsurance,"Hamilton, Bermuda",2017-06-19,1095073,1973,255.86,273.76,191.45
EXC,Exelon,reports,Utilities,Multi-Utilities,"Chicago, Illinois",1957-03-04,1109357,2000,49.86,50.85,33.27
EXPE,Expedia Group,reports,Consumer Discretionary,Internet & Direct Marketing Retail,"Seattle, Washington",2007-10-02,1324424,1996,152.28,185.27,90.23
EXPD,Expeditors,reports,Industrials,Air Freight & Logistics,"Seattle, Washington",2007-10-10,746515,1979,123.74,130.36,85.98
EXR,Extra Space Storage,reports,Real Estate,Specialized REITs,"Salt Lake City, Utah",2016-01-19,1289490,1977,180.11,192.41,100.95
XOM,ExxonMobil,reports,Energy,Integrated Oil & Gas,"Irving, Texas",1957-03-04,34088,1999,55.16,63.7,29.43
FFIV,F5 Networks,reports,Information Technology,Communications Equipment,"Seattle, Washington",2010-12-20,1048695,1996,204.58,215.35,117.77
FB,Facebook,reports,Communication Services,Interactive Media & Services,"Menlo Park, California",2013-12-23,1326801,2004,364.72,382.18,245.64
FAST,Fastenal,reports,Industrials,Building Products,"Winona, Minnesota",2008-09-15,815556,1967,52.96,56.21,41.89
FRT,Federal Realty Investment Trust,reports,Real Estate,Retail REITs,"Rockville, Maryland",2016-02-01,34903,1962,119.3,123.14,65.83
FDX,FedEx,reports,Industrials,Air Freight & Logistics,"Memphis, Tennessee",1980-12-31,1048911,1971,255.22,313.92,233.49
FIS,Fidelity National Information Services,reports,Information Technology,Data Processing & Outsourced Services,"Jacksonville, Florida",2006-11-10,1136893,1968,123.73,154.81,121.51
FITB,Fifth Third Bancorp,reports,Financials,Regional Banks,"Cincinnati, Ohio",,35527,1858,40.12,42.6,18.85
FE,FirstEnergy,reports,Utilities,Electric Utilities,"Akron, Ohio",,1031296,1997,36.73,39.92,25.7
FRC,First Republic Bank,reports,Financials,Regional Banks,"San Francisco, California",2019-01-02,1132979,1985,200.04,203.75,100.41
FISV,Fiserv,reports,Information Technology,Data Processing & Outsourced Services,"Brookfield, Wisconsin",2001-04-02,798354,1984,108.62,126.55,93.52
FLT,Fleetcor,reports,Information Technology,Data Processing & Outsourced Services,"Norcross, Georgia",2018-06-20,1175454,2000,258.24,293.44,219.41
FMC,FMC Corporation,reports,Materials,Fertilizers & Agricultural Chemicals,"Philadelphia, Pennsylvania",2009-08-19,37785,1883,95.19,121.3,87.77
F,Ford,reports,Consumer Discretionary,Automobile Manufacturers,"Dearborn, Michigan",1957-03-04,37996,1903,13.55,15.99,6.51
FTNT,Fortinet,reports,Information Technology,Systems Software,"Sunnyvale, California",2018-10-11,1262039,2000,299.49,320.19,110.37
FTV,Fortive,reports,Industrials,Industrial Machinery,"Everett, Washington",2016-07-01,1659166,2016,72.74,75.89,59.77
FBHS,Fortune Brands Home & Security,reports,Industrials,Building Products,"Deerfield, Illinois",2016-06-22,1519751,2011 (1969),94.75,111.4,78.84
FOXA,Fox Corporation (Class A),reports,Communication Services,Movies & Entertainment,"New York City, New York",2013-07-01,1754301,2019,37.71,43.89,25.01
FOX,Fox Corporation (Class B),reports,Communication Services,Movies & Entertainment,"New York City, New York",2015-09-18,1754301,2019,35.1,41.15,24.7
BEN,Franklin Resources,reports,Financials,Asset Management & Custody Banks,"San Mateo, California",,38777,1947,31.33,35.43,18.1
FCX,Freeport-McMoRan,reports,Materials,Copper,"Phoenix, Arizona",,831259,1912,33.05,44.71,14.71
GPS,Gap,reports,Consumer Discretionary,Apparel Retail,"San Francisco, California",1986-08-31,39911,1969,24.35,36.2,16.1
GRMN,Garmin,reports,Consumer Discretionary,Consumer Electronics,"Schaffhausen, Switzerland",2012-12-12,1121788,1989,167.26,177.68,90.98
IT,Gartner,reports,Information Technology,IT Consulting & Other Services,"Stamford, Connecticut",2017-04-05,749251,1979,310.33,316.97,117.45
GNRC,Generac Holdings,reports,Industrials,Electrical Components & Equipment,"Waukesha, Wisconsin",2021-03-22,1474735,1959,435.36,455.24,175.76
GD,General Dynamics,reports,Industrials,Aerospace & Defense,"Falls Church, Virginia",1957-03-04,40533,1899,195.12,204.4,128.72
GE,General Electric,reports,Industrials,Industrial Conglomerates,"Boston, Massachusetts",,40545,1892,100.47,114.71,48.28
GIS,General Mills,reports,Consumer Staples,Packaged Foods & Meats,"Golden Valley, Minnesota",1969-03-31,40704,1856,58.92,63.49,53.46
GM,General Motors,reports,Consumer Discretionary,Automobile Manufacturers,"Detroit, Michigan",2013-06-06,1467858,1908,51.33,63.92,28.74
GPC,Genuine Parts,reports,Consumer Discretionary,Specialty Stores,"Atlanta, Georgia",1973-12-31,40987,1925,122,131.89,87.17
GILD,Gilead Sciences,reports,Health Care,Biotechnology,"Foster City, California",2004-07-01,882095,1987,71.61,72.3,54.88
GL,Globe Life,reports,Financials,Life & Health Insurance,"McKinney, Texas",1989-04-30,320335,1900,89.67,106.27,76.76
GPN,Global Payments,reports,Information Technology,Data Processing & Outsourced Services,"Atlanta, Georgia",2016-04-25,1123360,2000,162.03,218.7,155.48
GS,Goldman Sachs,reports,Financials,Investment Banking & Brokerage,"New York City, New York",2002-07-22,886982,1869,391.46,417.66,182.88
GWW,W. W. Grainger,reports,Industrials,Industrial Machinery,"Lake Forest, Illinois",1981-06-30,277135,1927,402.48,472.47,333.91
HAL,Halliburton,reports,Energy,Oil & Gas Equipment & Services,"Houston, Texas",1957-03-04,45012,1919,20.27,24.66,11.07
HBI,Hanesbrands,reports,Consumer Discretionary,"Apparel, Accessories & Luxury Goods","Winston-Salem, North Carolina",2015-03-20,1359841,2000,19,22.03,12.16
HIG,The Hartford,reports,Financials,Property & Casualty Insurance,"Hartford, Connecticut",1957-03-04,874766,1810,69.56,70.55,34.44
HAS,Hasbro,reports,Consumer Discretionary,Leisure Products,"Pawtucket, Rhode Island",1984-09-30,46080,1923,97.53,103.02,73.29
HCA,HCA Healthcare,reports,Health Care,Health Care Facilities,"Nashville, Tennessee",2015-01-27,860730,1968,258.74,261.64,115.3
PEAK,Healthpeak Properties,reports,Real Estate,Health Care REITs,"Long Beach, California",2008-03-31,765880,1985,34.84,37.06,24.58
HSIC,Henry Schein,reports,Health Care,Health Care Distributors,"Melville, New York",2015-03-17,1000228,1932,77.47,82.97,57.18
HSY,The Hershey Company,reports,Consumer Staples,Packaged Foods & Meats,"Hershey, Pennsylvania",1957-03-04,47111,1894,175.07,181.22,131.63
HES,Hess Corporation,reports,Energy,Integrated Oil & Gas,"New York City, New York",1984-05-31,4447,1919,71.34,90.34,35.61
HPE,Hewlett Packard Enterprise,reports,Information Technology,"Technology Hardware, Storage & Peripherals","Houston, Texas",2015-11-02,1645590,2015,13.55,16.28,8.09
HLT,Hilton Worldwide,reports,Consumer Discretionary,"Hotels, Resorts & Cruise Lines","Tysons Corner, Virginia",2017-06-19,1585689,1919,131.21,134.5,83.07
HOLX,Hologic,reports,Health Care,Health Care Equipment,"Marlborough, Massachusetts",2016-03-30,859737,1985,77.63,83.72,60.52
HD,Home Depot,reports,Consumer Discretionary,Home Improvement Retail,"Atlanta, Georgia",1988-03-31,354950,1978,335.67,337.62,246.81
HON,Honeywell,reports,Industrials,Industrial Conglomerates,"Charlotte, North Carolina",1964-03-31,773840,1906,218.49,233.74,156.04
HRL,Hormel,reports,Consumer Staples,Packaged Foods & Meats,"Austin, Minnesota",2009-03-04,48465,1891,42.02,51.69,41.59
HST,Host Hotels & Resorts,reports,Real Estate,Hotel & Resort REITs,"Bethesda, Maryland",2007-03-20,1070750,1993,16.26,18.43,10.19
HWM,Howmet Aerospace,reports,Industrials,Aerospace & Defense,"Pittsburgh, Pennsylvania",1964-03-31,4281,2016,30.99,35.71,16.43
HPQ,HP,reports,Information Technology,"Technology Hardware, Storage & Peripherals","Palo Alto, California",1974-12-31,47217,1939 (2015),27.68,35.11,16.88
HUM,Humana,reports,Health Care,Managed Health Care,"Louisville, Kentucky",,49071,1961,407.79,471.22,373.94
HBAN,Huntington Bancshares,reports,Financials,Regional Banks,"Columbus, Ohio; Detroit, Michigan",,49196,1866,14.95,16.21,8.32
HII,Huntington Ingalls Industries,reports,Industrials,Aerospace & Defense,"Newport News, Virginia",2018-01-03,1501585,2011,194.99,221.43,136.17
IEX,IDEX Corporation,reports,Industrials,Industrial Machinery,"Lake Forest, Illinois",2019-08-09,832101,1988,215.75,228.77,167.51
IDXX,Idexx Laboratories,reports,Health Care,Health Care Equipment,"Westbrook, Maine",2017-01-05,874716,1983,661.71,705.76,363.87
INFO,IHS Markit,reports,Industrials,Research & Consulting Services,"London, England",2017-06-02,1598014,1959,121.73,123.78,75.98
ITW,Illinois Tool Works,reports,Industrials,Industrial Machinery,"Glenview, Illinois",1986-02-28,49826,1912,215.89,237.85,186.75
ILMN,Illumina,reports,Health Care,Life Sciences Tools & Services,"San Diego, California",2015-11-19,1110803,1998,447.01,524.84,268.51
INCY,Incyte,reports,Health Care,Biotechnology,"Wilmington, Delaware",2017-02-28,879169,1991,75.99,100.5,71.12
IR,Ingersoll Rand,reports,Industrials,Industrial Machinery,"Milwaukee, Wisconsin",2020-03-03,1699150,1859,54.3,54.98,34.66
INTC,Intel,reports,Information Technology,Semiconductors,"Santa Clara, California",1976-12-31,50863,1968,54.26,67.4,42.98
ICE,Intercontinental Exchange,reports,Financials,Financial Exchanges & Data,"Atlanta, Georgia",2007-09-26,1571949,2000,117.7,121.02,92.71
IBM,IBM,reports,Information Technology,IT Consulting & Other Services,"Armonk, New York",1957-03-04,51143,1911,135.23,149.56,101.43
IP,International Paper,reports,Materials,Paper Packaging,"Memphis, Tennessee",1957-03-04,51434,1898,56.6,64.1,37.74
IPG,Interpublic Group,reports,Communication Services,Advertising,"New York City, New York",1992-10-01,51644,1961 (1930),36.99,37.66,15.61
IFF,International Flavors & Fragrances,reports,Materials,Specialty Chemicals,"New York City, New York",1976-03-31,51253,1958 (1889),135.21,156.78,99.65
INTU,Intuit,reports,Information Technology,Application Software,"Mountain View, California",2000-12-05,896878,1983,561.85,572.88,303.12
ISRG,Intuitive Surgical,reports,Health Care,Health Care Equipment,"Sunnyvale, California",2008-06-02,1035267,1995,1037.27,1082.56,641.95
IVZ,Invesco,reports,Financials,Asset Management & Custody Banks,"Atlanta, Georgia",2008-08-21,914208,1935,26.25,29.14,9.89
IPGP,IPG Photonics,reports,Information Technology,Electronic Manufacturing Services,"Oxford, Massachusetts",2018-03-07,1111928,1990,166.57,258.58,157.79
IQV,IQVIA,reports,Health Care,Life Sciences Tools & Services,"Durham, North Carolina",2017-08-29,1478242,1982,256.33,265.23,148.07
IRM,Iron Mountain,reports,Real Estate,Specialized REITs,"Boston, Massachusetts",2009-01-06,1020569,1951,44.9,48.8,23.91
JKHY,Jack Henry & Associates,reports,Information Technology,Data Processing & Outsourced Services,"Monett, Missouri",2018-11-13,779152,1976,168.76,178.11,143.53
J,Jacobs Engineering Group,reports,Industrials,Construction & Engineering,"Dallas, Texas",2007-10-26,52988,1947,130.55,143.18,88.66
JBHT,J. B. Hunt,reports,Industrials,Trucking,"Lowell, Arkansas",2015-07-01,728535,1961,168.72,182.93,120.81
SJM,JM Smucker,reports,Consumer Staples,Packaged Foods & Meats,"Orrville, Ohio",2008-11-06,91419,1897,123,138.77,105.13
JNJ,Johnson & Johnson,reports,Health Care,Pharmaceuticals,"New Brunswick, New Jersey",1973-06-30,200406,1886,164.75,178.41,133.69
JCI,Johnson Controls,reports,Industrials,Building Products,"Cork, Ireland",2010-08-27,833444,1885,74.59,75.77,39.53
JPM,JPMorgan Chase,reports,Financials,Diversified Banks,"New York City, New York",1975-06-30,19617,2000 (1799 / 1871),157.68,165.49,90.1
JNPR,Juniper Networks,reports,Information Technology,Communications Equipment,"Sunnyvale, California",2006-06-02,1043604,1996,27.9,29.37,19.05
KSU,Kansas City Southern,reports,Industrials,Railroads,"Kansas City, Missouri",2013-05-24,54480,1887,277.46,312.28,171.77
K,Kellogg's,reports,Consumer Staples,Packaged Foods & Meats,"Battle Creek, Michigan",1989-09-11,55067,1906,63.56,66.99,55.29
KEY,KeyCorp,reports,Financials,Regional Banks,"Cleveland, Ohio",1994-03-01,91576,1825,20.76,23.13,11.12
KEYS,Keysight Technologies,reports,Information Technology,Electronic Equipment & Instruments,"Santa Rosa, California",2018-11-06,1601046,2014,177.45,181.46,96.36
KMB,Kimberly-Clark,reports,Consumer Staples,Household Products,"Irving, Texas",1957-03-04,55785,1872,135.18,149.25,125.08
KIM,Kimco Realty,reports,Real Estate,Retail REITs,"New Hyde Park, New York",2006-04-04,879101,1958,21.72,22.13,9.87
KMI,Kinder Morgan,reports,Energy,Oil & Gas Storage & Transportation,"Houston, Texas",2012-05-25,1506307,1997,15.96,18.85,10.93
KLAC,KLA Corporation,reports,Information Technology,Semiconductor Equipment,"Milpitas, California",,319201,1975/1977 (1997),369.81,372.02,178.48
KHC,Kraft Heinz,reports,Consumer Staples,Packaged Foods & Meats,"Chicago, Illinois; Pittsburgh, Pennsylvania",2015-07-06,1637459,2015 (1869),36.55,43.63,27.58
KR,Kroger,reports,Consumer Staples,Food Retail,"Cincinnati, Ohio",1957-03-04,56873,1883,40.94,47.31,30.12
LHX,L3Harris Technologies,reports,Industrials,Aerospace & Defense,"Melbourne, Florida",2008-09-22,202058,2019 (1895),222.46,234.18,158.12
LH,LabCorp,reports,Health Care,Health Care Services,"Burlington, North Carolina",2004-11-01,920148,1978,295.93,308.34,177.85
LRCX,Lam Research,reports,Information Technology,Semiconductor Equipment,"Fremont, California",2012-06-29,707549,1980,608.98,666.66,311.56
LW,Lamb Weston,reports,Consumer Staples,Packaged Foods & Meats,"Eagle, Idaho",2018-12-03,1679273,2016 (1950),61.57,85.24,60.49
LVS,Las Vegas Sands,reports,Consumer Discretionary,Casinos & Gaming,"Las Vegas, Nevada",2019-10-03,1300514,1988,38.17,66.2,36.77
LEG,Leggett & Platt,reports,Consumer Discretionary,Home Furnishings,"Carthage, Missouri",1999-10-14,58492,1883,46.16,56.99,38.63
LDOS,Leidos,reports,Industrials,Diversified Support Services,"Reston, Virginia",2019-08-09,1336920,1969,91.81,111.53,78.26
LEN,Lennar,reports,Consumer Discretionary,Homebuilding,"Miami, Florida",2005-10-04,920760,1954,101.28,108.84,69.68
LLY,Eli Lilly & Co,reports,Health Care,Pharmaceuticals,"Indianapolis, Indiana",1970-12-31,59478,1876,230.1,272.71,128.27
LNC,Lincoln National,reports,Financials,Multi-line Insurance,"Radnor, Pennsylvania",1976-06-30,59558,1905,67.54,70.66,29.15
LIN,Linde,reports,Materials,Industrial Gases,"Guildford, England",1992-07-01,1707925,1879,309.32,315.64,213.7
LYV,Live Nation Entertainment,reports,Communication Services,Movies & Entertainment,"Beverly Hills, California",2019-12-23,1335258,2010,86.83,92.86,48.8
LKQ,LKQ Corporation,reports,Consumer Discretionary,Distributors,"Chicago, Illinois",2016-05-23,1065696,1998,50.91,52.69,27.08
LMT,Lockheed Martin,reports,Industrials,Aerospace & Defense,"Bethesda, Maryland",1984-07-31,936468,1995,340.98,391.27,314.95
L,Loews Corporation,reports,Financials,Multi-line Insurance,"New York City, New York",,60086,1959,53.08,58.8,33.1
LOW,Lowe's,reports,Consumer Discretionary,Home Improvement Retail,"Mooresville, North Carolina",1984-02-29,60667,1904/1946/1959,209.03,210.43,145.19
LUMN,Lumen Technologies,reports,Communication Services,Alternative Carriers,"Monroe, Louisiana",1999-03-25,18926,1983 (1877),12.94,14.97,7.95
LYB,LyondellBasell,reports,Materials,Specialty Chemicals,"Rotterdam, Netherlands",2012-09-05,1489393,2007,92.15,115.43,65.3
MTB,M&T Bank,reports,Financials,Regional Banks,"Buffalo, New York",2004-02-23,36270,1856,137.55,164.81,87.31
MRO,Marathon Oil,reports,Energy,Oil & Gas Exploration & Production,"Houston, Texas",1991-05-01,101778,1887,12,14.11,3.79
MPC,Marathon Petroleum,reports,Energy,Oil & Gas Refining & Marketing,"Findlay, Ohio",2011-07-01,1510295,2009 (1887),58.86,63.45,26.28
MKTX,MarketAxess,reports,Financials,Financial Exchanges & Data,"New York City, New York",2019-07-01,1278021,2000,426,587.94,425.79
MAR,Marriott International,reports,Consumer Discretionary,"Hotels, Resorts & Cruise Lines","Bethesda, Maryland",,1048286,1927,143.9,157.5,89.97
MMC,Marsh & McLennan,reports,Financials,Insurance Brokers,"New York City, New York",1987-08-31,62709,1905,155.83,160.48,101.76
MLM,Martin Marietta Materials,reports,Materials,Construction Materials,"Raleigh, North Carolina",2014-07-02,916076,1993,342.73,389.8,216.8
MAS,Masco,reports,Industrials,Building Products,"Livonia, Michigan",1981-06-30,62996,1929,57.23,66.6,51.07
MA,Mastercard,reports,Information Technology,Data Processing & Outsourced Services,"Harrison, New York",2008-07-18,1141391,1966,343.04,395.18,287.59
MKC,McCormick & Company,reports,Consumer Staples,Packaged Foods & Meats,"Hunt Valley, Maryland",2003-03-20,63754,1889,86.27,99.32,82.26
MCD,McDonald's,reports,Consumer Discretionary,Restaurants,"Chicago, Illinois",1970-06-30,63908,1940,242.49,245.01,202.6
MCK,McKesson Corporation,reports,Health Care,Health Care Distributors,"Irving, Texas",,927653,1833,207.75,208.66,142.46
MDT,Medtronic,reports,Health Care,Health Care Equipment,"Dublin, Ireland",1986-10-31,1613103,1949,129.7,135.17,99.07
MRK,Merck & Co.,reports,Health Care,Pharmaceuticals,"Kenilworth, New Jersey",1957-03-04,310158,1891,71.68,79.01,67.08
MET,MetLife,reports,Financials,Life & Health Insurance,"New York City, New York",,1099219,1868,61.72,66.15,34.46
MTD,Mettler Toledo,reports,Health Care,Life Sciences Tools & Services,"Columbus, Ohio",2016-09-06,1037646,1945,1545.18,1604.05,957.14
MGM,MGM Resorts International,reports,Consumer Discretionary,Casinos & Gaming,"Paradise, Nevada",2017-07-26,789570,1986,41.54,44.15,20.09
MCHP,Microchip Technology,reports,Information Technology,Semiconductors,"Chandler, Arizona",2007-09-07,827054,1989,161.1,163.11,96.55
MU,Micron Technology,reports,Information Technology,Semiconductors,"Boise, Idaho",1994-09-27,723125,1978,74.3,95.59,46.55
MSFT,Microsoft,reports,Information Technology,Systems Software,"Redmond, Washington",1994-06-01,789019,1975,299.87,305.22,198.77
MAA,Mid-America Apartments,reports,Real Estate,Residential REITs,"Memphis, Tennessee",2016-12-02,912595,1977,187.48,196.28,109.2
MRNA,Moderna,reports,Health Care,Biotechnology,"Cambridge, Massachusetts",2021-07-21,1682852,2010,430.05,484.47,65.17
MHK,Mohawk Industries,reports,Consumer Discretionary,Home Furnishings,"Calhoun, Georgia",2013-12-23,851968,1878,181.82,229.74,92.21
TAP,Molson Coors Beverage Company,reports,Consumer Staples,Brewers,"Chicago, Illinois",1976-06-30,24545,"2005 (Molson 1786, Coors 1873)",45.8,60.3,32.41
MDLZ,Mondelez International,reports,Consumer Staples,Packaged Foods & Meats,"Chicago, Illinois",2012-10-02,1103982,2012,60.94,65.23,52.3
MPWR,Monolithic Power Systems,reports,Information Technology,Semiconductors,"Kirkland, Washington",2021-02-12,1280452,1997,497.52,502.94,250.4
MNST,Monster Beverage,reports,Consumer Staples,Soft Drinks,"Corona, California",2012-06-28,865752,2012 (1935),94.64,98.79,76.57
MCO,Moody's Corporation,reports,Financials,Financial Exchanges & Data,"New York City, New York",,1059556,1909,370,386.2,259.81
MS,Morgan Stanley,reports,Financials,Investment Banking & Brokerage,"New York City, New York",,895421,1935,104.25,105.45,42.31
MOS,The Mosaic Company,reports,Materials,Fertilizers & Agricultural Chemicals,"Tampa, Florida",2011-09-26,1285785,2004 (1865 / 1909),32.15,37.39,16.61
MSI,Motorola Solutions,reports,Information Technology,Communications Equipment,"Chicago, Illinois",,68505,1928 (2011),,246.03,149.95
MSCI,MSCI,reports,Financials,Financial Exchanges & Data,"New York City, New York",2018-04-04,1408198,1969,650.75,650.75,338.27
NDAQ,Nasdaq,reports,Financials,Financial Exchanges & Data,"New York City, New York",2008-10-22,1120193,1971,198.53,198.53,118.49
NTAP,NetApp,reports,Information Technology,"Technology Hardware, Storage & Peripherals","Sunnyvale, California",1999-06-25,1002047,1992,91.35,91.35,39.94
NFLX,Netflix,reports,Communication Services,Movies & Entertainment,"Los Gatos, California",2010-12-20,1065280,1997,590.53,590.53,470.5
NWL,Newell Brands,reports,Consumer Discretionary,Housewares & Specialties,"Atlanta, Georgia",1989-04-30,814453,1903,25.66,29.1,16.19
NEM,Newmont,reports,Materials,Gold,"Denver, Colorado",1969-06-30,1164727,1921,,73.83,53.45
NWSA,News Corp (Class A),reports,Communication Services,Publishing,"New York City, New York",2013-08-01,1564708,2013 (1980),22.56,27.64,12.92
NWS,News Corp (Class B),reports,Communication Services,Publishing,"New York City, New York",2015-09-18,1564708,2013 (1980),22.13,25.95,12.83
NEE,NextEra Energy,reports,Utilities,Multi-Utilities,"Juno Beach, Florida",1976-06-30,753308,1984 (1925),85.69,86.48,66.99
NLSN,Nielsen Holdings,reports,Industrials,Research & Consulting Services,"New York City, New York",2013-07-09,1492633,1923,20.98,27.97,13.36
NKE,Nike,reports,Consumer Discretionary,"Apparel, Accessories & Luxury Goods","Washington County, Oregon",1988-11-30,320187,1964,163.29,173.56,112.5
NI,NiSource,reports,Utilities,Multi-Utilities,"Merrillville, Indiana",,1111711,1912,25.06,26.24,20.69
NSC,Norfolk Southern,reports,Industrials,Railroads,"Norfolk, Virginia",1957-03-04,702165,1881/1894 (1980),250.4,289.11,194.96
NTRS,Northern Trust,reports,Financials,Asset Management & Custody Banks,"Chicago, Illinois",,73124,1889,117.35,121.03,73.7
NOC,Northrop Grumman,reports,Industrials,Aerospace & Defense,"West Falls Church, Virginia",1985-06-30,1133421,"1994 (Northrop 1939, Grumman 1930)",365.93,375.89,282.81
NLOK,NortonLifeLock,reports,Information Technology,Application Software,"Tempe, Arizona",2003-03-25,849399,1982,27.28,28.67,17.92
NCLH,Norwegian Cruise Line Holdings,reports,Consumer Discretionary,"Hotels, Resorts & Cruise Lines","Miami, Florida",2017-10-13,1513761,2011 (1966),24.62,33.71,14.63
NOV,Nov,reports,Energy,Oil & Gas Equipment & Services,"Houston, Texas",2005-03-14,1021860,1841,12.95,17.95,8.01
NRG,NRG Energy,reports,Utilities,Independent Power Producers & Energy Traders,"Houston, Texas",2010-01-29,1013871,1992,45.43,45.67,27.56
NUE,Nucor,reports,Materials,Steel,"Charlotte, North Carolina",1985-04-30,73309,1940,114.05,126.17,43.52
NVDA,Nvidia,reports,Information Technology,Semiconductors,"Santa Clara, California",2001-11-30,1045810,1993,228.43,228.43,115.87
NVR,NVR,reports,Consumer Discretionary,Homebuilding,"Reston, Virginia",2019-09-26,906163,1980,5100.64,5313.57,3853.15
NXPI,NXP,reports,Information Technology,Semiconductors,"Eindhoven, Netherlands",2021-03-22,1413447,1953,212.99,227.64,118.19
ORLY,O'Reilly Automotive,reports,Consumer Discretionary,Specialty Stores,"Springfield, Missouri",2009-03-27,898173,1957,584.8,620.92,425.47
OXY,Occidental Petroleum,reports,Energy,Oil & Gas Exploration & Production,"Houston, Texas",1982-12-31,797468,1920,,32.91,8.87
ODFL,Old Dominion Freight Line,reports,Industrials,Trucking,"Thomasville, North Carolina",2019-12-09,878927,1934,301.15,301.15,178.18
OMC,Omnicom Group,reports,Communication Services,Advertising,"New York City, New York",,29989,1986,73.74,84.25,44.54
OKE,Oneok,reports,Energy,Oil & Gas Storage & Transportation,"Tulsa, Oklahoma",2010-03-15,1039684,1906,53.17,56.52,22.38
ORCL,Oracle,reports,Information Technology,Application Software,"Austin, Texas",1989-08-31,1341439,1977,90,90.95,54.94
OGN,Organon & Co.,reports,Health Care,Pharmaceuticals,"Jersey City, New Jersey",2021-06-03,1821825,2021,35.61,38,28.45
OTIS,Otis Worldwide,reports,Industrials,Industrial Machinery,"Farmington, Connecticut",2020-04-03,1781335,2020 (1853),91.82,92.37,58.3
PCAR,Paccar,reports,Industrials,Construction Machinery & Heavy Trucks,"Bellevue, Washington",1980-12-31,75362,1905,84.43,99.25,79.75
PKG,Packaging Corporation of America,reports,Materials,Paper Packaging,"Lake Forest, Illinois",2017-07-26,75677,1959,,154.05,101.93
PH,Parker-Hannifin,reports,Industrials,Industrial Machinery,"Cleveland, Ohio",1985-11-30,76334,1917,289.91,320.75,192.78
PAYX,Paychex,reports,Information Technology,Data Processing & Outsourced Services,"Penfield, New York",,723531,1971,113.6,118.19,73.89
PAYC,Paycom,reports,Information Technology,Application Software,"Oklahoma City, Oklahoma",2020-01-28,1590955,1998,496.26,500.8,273.41
PYPL,PayPal,reports,Information Technology,Data Processing & Outsourced Services,"San Jose, California",2015-07-20,1633917,1998,289.13,308.53,179.81
PENN,Penn National Gaming,reports,Consumer Discretionary,Casinos & Gaming,"Wyomissing, Pennsylvania",2021-03-22,921738,1972,81.65,136.47,53.03
PNR,Pentair,reports,Industrials,Industrial Machinery,"Worsley, England",2012-10-01,77360,1966,77.87,80.3,44.06
PBCT,People's United Financial,reports,Financials,Thrifts & Mortgage Finance,"Bridgeport, Connecticut",2008-11-13,1378946,1842,16.33,19.19,9.39
PEP,PepsiCo,reports,Consumer Staples,Soft Drinks,"Purchase, New York",1957-03-04,77476,1898,157.09,158.91,127.19
PKI,PerkinElmer,reports,Health Care,Health Care Equipment,"Waltham, Massachusetts",1985-05-31,31791,1937,190.5,190.5,117.34
PRGO,Perrigo,reports,Health Care,Pharmaceuticals,"Dublin, Ireland",2011-12-19,1585364,2013 (1887),41.85,49.04,39.52
PFE,Pfizer,reports,Health Care,Pharmaceuticals,"New York City, New York",1957-03-04,78003,1849,46.84,50.42,32.15
PM,Philip Morris International,reports,Consumer Staples,Tobacco,"New York City, New York",2008-03-31,1413329,2008 (1847),106.1,106.1,67.31
PSX,Phillips 66,reports,Energy,Oil & Gas Refining & Marketing,"Houston, Texas",2012-05-01,1534701,2012 (1917),69.62,91.4,42.06
PNW,Pinnacle West Capital,reports,Utilities,Multi-Utilities,"Phoenix, Arizona",,764622,1985,77.18,88.16,67.99
PXD,Pioneer Natural Resources,reports,Energy,Oil & Gas Exploration & Production,"Irving, Texas",2008-09-24,1038357,1997,149.88,168.38,75.64
PNC,PNC Financial Services,reports,Financials,Regional Banks,"Pittsburgh, Pennsylvania",1988-04-30,713676,1845,191.52,198.06,99.38
POOL,Pool Corporation,reports,Consumer Discretionary,Distributors,"Covington, Louisiana",2020-10-07,945841,1993,496.89,497.26,298.88
PPG,PPG Industries,reports,Materials,Specialty Chemicals,"Pittsburgh, Pennsylvania",1957-03-04,79879,1883,155.66,181.67,116.62
PPL,PPL,reports,Utilities,Electric Utilities,"Allentown, Pennsylvania",,922224,1920,,30.42,24.8
PFG,Principal Financial Group,reports,Financials,Life & Health Insurance,"Des Moines, Iowa",2002-07-22,1126328,1879,66,68.12,36.67
PG,Procter & Gamble,reports,Consumer Staples,Personal Products,"Cincinnati, Ohio",1957-03-04,80424,1837,144.05,145.09,120.62
PGR,Progressive Corporation,reports,Financials,Property & Casualty Insurance,"Mayfield Village, Ohio",1997-08-04,80661,1937,96.23,106.99,82.88
PLD,Prologis,reports,Real Estate,Industrial REITs,"San Francisco, California",2003-07-17,1045609,1983,,138.99,92.86
PRU,Prudential Financial,reports,Financials,Life & Health Insurance,"Newark, New Jersey",2002-07-22,1137774,1875,104.89,107.36,58.41
PTC,PTC,reports,Information Technology,Application Software,"Boston, Massachusetts",2021-04-20,857005,1985,132.99,152.69,80.28
PEG,Public Service Enterprise Group,reports,Utilities,Electric Utilities,"Newark, New Jersey",1957-03-04,788784,1903,,64.43,49.46
PSA,Public Storage,reports,Real Estate,Specialized REITs,"Glendale, California",2005-08-19,1393311,1972,,331.04,207.82
PHM,PulteGroup,reports,Consumer Discretionary,Homebuilding,"Atlanta, Georgia",1984-04-30,822416,1956,,62.19,40.29
PVH,PVH,reports,Consumer Discretionary,"Apparel, Accessories & Luxury Goods","New York City, New York",2013-02-15,78239,1881,115.18,120.58,58.29
QRVO,Qorvo,reports,Information Technology,Semiconductors,"Greensboro, North Carolina",2015-06-11,1604778,2015,185.36,199.54,124.96
PWR,Quanta Services,reports,Industrials,Construction & Engineering,"Houston, Texas",2009-07-01,1050915,1997,116,116,49.07
QCOM,Qualcomm,reports,Information Technology,Semiconductors,"San Diego, California",,804328,1985,144.63,163.17,109.02
DGX,Quest Diagnostics,reports,Health Care,Health Care Services,"Secaucus, New Jersey",2002-12-12,1022079,1967,155.84,155.84,107.15
RL,Ralph Lauren Corporation,reports,Consumer Discretionary,"Apparel, Accessories & Luxury Goods","New York City, New York",2007-02-02,1037038,1967,114.83,138.84,66.47
RJF,Raymond James Financial,reports,Financials,Investment Banking & Brokerage,"St. Petersburg, Florida",2017-03-20,720005,1962,139.04,142.99,68.03
RTX,Raytheon Technologies,reports,Industrials,Aerospace & Defense,"Waltham, Massachusetts",,101829,1922,83.65,88.92,51.03
O,Realty Income Corporation,reports,Real Estate,Retail REITs,"San Diego, California",2015-04-07,726728,1969,72.3,72.68,55.55
REG,Regency Centers,reports,Real Estate,Retail REITs,"Jacksonville, Florida",2017-03-02,910606,1963,69.34,69.34,32.99
REGN,Regeneron Pharmaceuticals,reports,Health Care,Biotechnology,"Tarrytown, New York",2013-05-01,872589,1988,679.57,680.96,446.73
RF,Regions Financial Corporation,reports,Financials,Regional Banks,"Birmingham, Alabama",1998-08-28,1281761,1971,19.71,23.26,10.41
RSG,Republic Services,reports,Industrials,Environmental & Facilities Services,"Phoenix, Arizona",2008-12-05,1060391,1998 (1981),125.47,126.1,85.63
RMD,ResMed,reports,Health Care,Health Care Equipment,"San Diego, California",2017-07-26,943819,1989,295.8,295.8,166.29
RHI,Robert Half International,reports,Industrials,Human Resource & Employment Services,"Menlo Park, California",2000-12-05,315213,1948,103.65,104.26,47.96
ROK,Rockwell Automation,reports,Industrials,Electrical Components & Equipment,"Milwaukee, Wisconsin",,1024478,1903,324,327.14,205.7
ROL,Rollins,reports,Industrials,Environmental & Facilities Services,"Atlanta, Georgia",2018-10-01,84839,1948,39.71,41.84,31.76
ROP,Roper Technologies,reports,Industrials,Industrial Conglomerates,"Sarasota, Florida",2009-12-23,882835,1981,486.22,496.63,366.06
ROST,Ross Stores,reports,Consumer Discretionary,Apparel Retail,"Dublin, California",2009-12-21,745732,1982,115.38,132.64,84.77
RCL,Royal Caribbean Group,reports,Consumer Discretionary,"Hotels, Resorts & Cruise Lines","Miami, Florida",2014-12-05,884887,1997,79.43,96.98,53.12
SPGI,S&P Global,reports,Financials,Financial Exchanges & Data,"New York City, New York",,64040,1917,452.08,452.08,304.09
CRM,Salesforce,reports,Information Technology,Application Software,"San Francisco, California",2008-09-15,1108524,1999,267.08,268.32,205.33
SBAC,SBA Communications,reports,Real Estate,Specialized REITs,"Boca Raton, Florida",2017-09-01,1034054,1989,366.48,366.71,234.89
SLB,Schlumberger,reports,Energy,Oil & Gas Equipment & Services,"Curaçao, Kingdom of the Netherlands",1965-03-31,87347,1926,28.09,36.36,13.91
STX,Seagate Technology,reports,Information Technology,"Technology Hardware, Storage & Peripherals","Dublin, Ireland",2012-07-02,1137789,1979,90.32,104.23,46.17
SEE,Sealed Air,reports,Materials,Paper Packaging,"Charlotte, North Carolina",1957-03-04,1012100,1960,61.22,61.72,36.51
SRE,Sempra Energy,reports,Utilities,Multi-Utilities,"San Diego, California",,1032208,1998,133.41,142.88,110.67
NOW,ServiceNow,reports,Information Technology,Systems Software,"Santa Clara, California",2019-11-21,1373715,2003,678.63,678.63,454.4
SHW,Sherwin-Williams,reports,Materials,Specialty Chemicals,"Cleveland, Ohio",1964-06-30,89800,1866,307.43,308.7,219.02
SPG,Simon Property Group,reports,Real Estate,Retail REITs,"Indianapolis, Indiana",2002-06-26,1063761,2003,,136.42,58.52
SWKS,Skyworks Solutions,reports,Information Technology,Semiconductors,"Woburn, Massachusetts",2015-03-12,4127,2002,183.01,199.06,132.69
SNA,Snap-on,reports,Industrials,Industrial Machinery,"Kenosha, Wisconsin",1982-09-30,91440,1920,226.9,254.21,137.57
SO,Southern Company,reports,Utilities,Electric Utilities,"Atlanta, Georgia",1957-03-04,92122,1945,66.27,67.32,50.43
LUV,Southwest Airlines,reports,Industrials,Airlines,"Dallas, Texas",1994-07-01,92380,1967,48.86,64.1,36.86
SWK,Stanley Black & Decker,reports,Industrials,Industrial Machinery,"New Britain, Connecticut",1982-09-30,93556,1843,191.1,219.06,152.14
SBUX,Starbucks,reports,Consumer Discretionary,Restaurants,"Seattle, Washington",,829224,1971,117.19,126.06,81.92
STT,State Street Corporation,reports,Financials,Asset Management & Custody Banks,"Boston, Massachusetts",,93751,1792,92.89,94.28,56.07
STE,Steris,reports,Health Care,Health Care Equipment,"Dublin, Ireland",2019-12-23,1757898,1985,217.82,225.37,164.29
SYK,Stryker Corporation,reports,Health Care,Health Care Equipment,"Kalamazoo, Michigan",2000-12-12,310764,1941,276.65,277.68,196.9
SIVB,SVB Financial,reports,Financials,Regional Banks,"Santa Clara, California",2018-03-19,719739,1983,571.51,606.83,225.51
SYF,Synchrony Financial,reports,Financials,Consumer Finance,"Stamford, Connecticut",2015-11-18,1601712,2003,47.38,51.95,24.17
SNPS,Synopsys,reports,Information Technology,Application Software,"Mountain View, California",2017-03-16,883241,1986,336.64,337.74,197.86
SYY,Sysco,reports,Consumer Staples,Food Distributors,"Houston, Texas",1986-12-31,96021,1969,77.35,85.74,53.83
TMUS,T-Mobile US,reports,Communication Services,Wireless Telecommunication Services,"Bellevue, Washington",2019-07-15,1283699,1994,136,149.41,109
TROW,T. Rowe Price,reports,Financials,Asset Management & Custody Banks,"Baltimore, Maryland",,1113169,1937,218.57,223.87,118.88
TTWO,Take-Two Interactive,reports,Communication Services,Interactive Home Entertainment,"New York City, New York",2018-03-19,946581,1993,160.56,213.34,154.03
TPR,Tapestry,reports,Consumer Discretionary,"Apparel, Accessories & Luxury Goods","New York City, New York",,1116132,2017,40.57,48.82,15.4
TGT,Target Corporation,reports,Consumer Discretionary,General Merchandise Stores,"Minneapolis, Minnesota",1976-12-31,27419,1902,244.31,263.17,147.72
TEL,TE Connectivity,reports,Information Technology,Electronic Manufacturing Services,"Schaffhausen, Switzerland",2011-10-17,1385157,2007,149.67,152.93,92.54
TDY,Teledyne Technologies,reports,Industrials,Aerospace & Defense,"Thousand Oaks, California",2020-06-22,1094285,1960,448.81,463.38,306.95
TFX,Teleflex,reports,Health Care,Health Care Equipment,"Wayne, Pennsylvania",2019-01-18,96943,1943,398.43,443.04,317.09
TER,Teradyne,reports,Information Technology,Semiconductor Equipment,"North Reading, Massachusetts",2020-09-21,97210,1960,121.88,143.42,75.23
TSLA,Tesla,reports,Consumer Discretionary,Automobile Manufacturers,"Palo Alto, California",2020-12-21,1318605,2003,733.57,883.09,380.36
TXN,Texas Instruments,reports,Information Technology,Semiconductors,"Dallas, Texas",,97476,1930,189.88,194.76,131.92
TXT,Textron,reports,Industrials,Aerospace & Defense,"Providence, Rhode Island",1978-12-31,217346,1923,,74.46,32.06
TMO,Thermo Fisher Scientific,reports,Health Care,Life Sciences Tools & Services,"Waltham, Massachusetts",2004-08-03,97745,2006 (1902),,568.11,417.47
TJX,TJX Companies,reports,Consumer Discretionary,Apparel Retail,"Framingham, Massachusetts",1985-09-30,109198,1987,71.07,75.81,50.24
TSCO,Tractor Supply Company,reports,Consumer Discretionary,Specialty Stores,"Brentwood, Tennessee",2014-01-24,916365,1938,198.8,198.8,127.28
TT,Trane Technologies,reports,Industrials,Building Products,"Dublin, Ireland",2010-11-17,1466258,1871,199.94,205.94,117.18
TDG,TransDigm Group,reports,Industrials,Aerospace & Defense,"Cleveland, Ohio",2016-06-03,1260221,1993,602.27,682.63,458.14
TRV,The Travelers Companies,reports,Financials,Property & Casualty Insurance,"New York City, New York",2002-08-21,86312,1853,,162.58,105.59
TRMB,Trimble,reports,Information Technology,Electronic Equipment & Instruments,"Sunnyvale, California",2021-01-21,864749,1978,94.86,95.72,47.08
TFC,Truist Financial,reports,Financials,Regional Banks,"Charlotte, North Carolina",1997-12-04,92230,1872,56.45,61.63,34.26
TWTR,Twitter,reports,Communication Services,Interactive Media & Services,"San Francisco, California",2018-06-07,1418091,2006,64.66,77.63,39.47
TYL,Tyler Technologies,reports,Information Technology,Application Software,"Plano, Texas",2020-06-22,860731,1966,488.1,497.85,328.96
TSN,Tyson Foods,reports,Consumer Staples,Packaged Foods & Meats,"Springdale, Arkansas",2005-08-10,100493,1935,78.23,81.44,55.11
UDR,UDR,reports,Real Estate,Residential REITs,"Highlands Ranch, Colorado",2016-03-07,74208,1972,55.37,55.59,28.87
ULTA,Ulta Beauty,reports,Consumer Discretionary,Specialty Stores,"Bolingbrook, Illinois",2016-04-18,1403568,1990,382.11,389.9,201.43
USB,U.S. Bancorp,reports,Financials,Diversified Banks,"Minneapolis, Minnesota",,36104,1968,56.15,61.76,33.29
UAA,Under Armour (Class A),reports,Consumer Discretionary,"Apparel, Accessories & Luxury Goods","Baltimore, Maryland",2014-05-01,1336917,1996,23.15,25.77,10.69
UA,Under Armour (Class C),reports,Consumer Discretionary,"Apparel, Accessories & Luxury Goods","Baltimore, Maryland",2016-04-08,1336917,1996,20.28,21.9,9.36
UNP,Union Pacific,reports,Industrials,Railroads,"Omaha, Nebraska",1957-03-04,100885,1862,214.91,227.28,170.12
UAL,United Airlines,reports,Industrials,Airlines,"Chicago, Illinois",2015-09-03,100517,1967,46.22,62.45,32.6
UNH,UnitedHealth Group,reports,Health Care,Managed Health Care,"Minnetonka, Minnesota",1994-07-01,731766,1977,,429.71,289
UPS,United Parcel Service,reports,Industrials,Air Freight & Logistics,"Sandy Springs, Georgia",2002-07-22,1090727,1907,197.34,215.33,152.32
URI,United Rentals,reports,Industrials,Trading Companies & Distributors,"Stamford, Connecticut",2014-09-20,1067701,1997,351.37,361.34,161.98
UHS,Universal Health Services,reports,Health Care,Health Care Facilities,"King of Prussia, Pennsylvania",2014-09-20,352915,1979,156.22,160.41,101.17
UNM,Unum Group,reports,Financials,Life & Health Insurance,"Chattanooga, Tennessee",1994-03-01,5513,1999,26.41,31.55,15.44
VLO,Valero Energy,reports,Energy,Oil & Gas Refining & Marketing,"San Antonio, Texas",,1035002,1980,64.7,83.19,34.09
VTR,Ventas,reports,Real Estate,Health Care REITs,"Chicago, Illinois",2009-03-04,740260,1998,56.31,60.4,37.87
VRSN,Verisign,reports,Information Technology,Internet Services & Infrastructure,"Dulles, Virginia",2006-02-01,1014473,1995,220.23,233.53,188.1
VRSK,Verisk Analytics,reports,Industrials,Research & Consulting Services,"Jersey City, New Jersey",2015-10-08,1442145,1971,205.08,207.28,161.11
VZ,Verizon Communications,reports,Communication Services,Integrated Telecommunication Services,"New York City, New York",1983-11-30,732712,1983 (1877),55.43,59.77,52.98
VRTX,Vertex Pharmaceuticals,reports,Health Care,Biotechnology,"Cambridge, Massachusetts",2013-09-23,875320,1989,198.05,276.09,187.49
VFC,VF Corporation,reports,Consumer Discretionary,"Apparel, Accessories & Luxury Goods","Denver, Colorado",1979-06-30,103379,1899,,89.5,66.02
VIAC,ViacomCBS,reports,Communication Services,Movies & Entertainment,"New York City, New York",,813828,2019 (1952),41.28,99.77,26.72
VTRS,Viatris,reports,Health Care,Pharmaceuticals,"Pittsburgh, Pennsylvania",2004-04-23,1792044,1961,14.89,18.61,12.88
V,Visa,reports,Information Technology,Data Processing & Outsourced Services,"San Francisco, California",2009-12-21,1403161,1958,225.11,250.59,179.81
VNO,Vornado Realty Trust,reports,Real Estate,Office REITs,"New York City, New York",,899689,1982,41.86,49.65,28.61
VMC,Vulcan Materials,reports,Materials,Construction Materials,"Birmingham, Alabama",1999-06-30,1396009,1909,180.31,193.03,125.33
WRB,W. R. Berkley Corporation,reports,Financials,Property & Casualty Insurance,"Greenwich, Connecticut",2019-12-05,11544,1967,,80.75,58.85
WAB,Wabtec,reports,Industrials,Construction Machinery & Heavy Trucks,"Pittsburgh, Pennsylvania",2019-02-27,943452,1999 (1869),90.23,90.62,55.83
WMT,Walmart,reports,Consumer Staples,Hypermarkets & Super Centers,"Bentonville, Arkansas",1982-08-31,104169,1962,149.25,151.45,126.04
WBA,Walgreens Boots Alliance,reports,Consumer Staples,Drug Retail,"Deerfield, Illinois",1979-12-31,1618921,2014,51.29,56.32,32.53
DIS,The Walt Disney Company,reports,Communication Services,Movies & Entertainment,"Burbank, California",1976-06-30,1744489,1923,181,201.91,118.47
WM,Waste Management,reports,Industrials,Environmental & Facilities Services,"Houston, Texas",,823768,1968,155.4,155.81,105.14
WAT,Waters Corporation,reports,Health Care,Health Care Distributors,"Milford, Massachusetts",,1000697,1958,423.4,423.4,189.64
WEC,WEC Energy Group,reports,Utilities,Electric Utilities,"Milwaukee, Wisconsin",2008-10-31,783325,1896,96.08,101.93,79.5
WFC,Wells Fargo,reports,Financials,Diversified Banks,"San Francisco, California",1976-06-30,72971,1852,44.17,51.15,20.84
WELL,Welltower,reports,Real Estate,Health Care REITs,"Toledo, Ohio",2009-01-30,766704,1970,86.75,89.04,50.06
WST,West Pharmaceutical Services,reports,Health Care,Health Care Supplies,"Exton, Pennsylvania",2020-05-22,105770,1923,464.38,464.38,257.03
WDC,Western Digital,reports,Information Technology,"Technology Hardware, Storage & Peripherals","San Jose, California",2009-07-01,106040,1970,61.41,77.17,35.96
WU,Western Union,reports,Information Technology,Data Processing & Outsourced Services,"Englewood, Colorado",2006-09-29,1365135,1851,,26.14,18.89
WRK,WestRock,reports,Materials,Paper Packaging,"Atlanta, Georgia",,1732845,2015,52.6,61.29,32.25
WY,Weyerhaeuser,reports,Real Estate,Specialized REITs,"Federal Way, Washington",,106535,1900,36.64,40.42,26.31
WHR,Whirlpool Corporation,reports,Consumer Discretionary,Household Appliances,"Benton Harbor, Michigan",,106640,1911,225.87,249.9,171.11
WMB,Williams Companies,reports,Energy,Oil & Gas Storage & Transportation,"Tulsa, Oklahoma",1975-03-31,107263,1908,,27.82,17.38
WLTW,Willis Towers Watson,reports,Financials,Insurance Brokers,"London, England",2016-01-05,1140536,2016,228.52,269.33,177.93
WYNN,Wynn Resorts,reports,Consumer Discretionary,Casinos & Gaming,"Paradise, Nevada",2008-11-14,1174922,2002,100.3,140,69.01
XEL,Xcel Energy,reports,Utilities,Multi-Utilities,"Minneapolis, Minnesota",1957-03-04,72903,1909,69.8,73.18,57.22
XLNX,Xilinx,reports,Information Technology,Semiconductors,"San Jose, California",1999-11-08,743988,1984,155.96,156.27,97.01
XYL,Xylem,reports,Industrials,Industrial Machinery,"White Plains, New York",2011-11-01,1524472,2011,137.25,138.03,81.37
YUM,Yum! Brands,reports,Consumer Discretionary,Restaurants,"Louisville, Kentucky",1997-10-06,1041061,1997,130.92,134.62,87.82
ZBRA,Zebra Technologies,reports,Information Technology,Electronic Equipment & Instruments,"Lincolnshire, Illinois",2019-12-23,877212,1969,590.6,590.6,248.73
ZBH,Zimmer Biomet,reports,Health Care,Health Care Equipment,"Warsaw, Indiana",2001-08-07,1136869,1927,146.74,178.35,131.28
ZION,Zions Bancorp,reports,Financials,Regional Banks,"Salt Lake City, Utah",2001-06-22,109380,1873,57.12,60.27,27.63
ZTS,Zoetis,reports,Health Care,Pharmaceuticals,"Parsippany, New Jersey",2013-06-21,1555280,1952,209.69,209.69,143.6